16816627,11:31 16-04-2023,1671439551,Đặng Nhôm ,0123852963,Hà Nội,360.0,Pending
16816628,11:33 16-04-2023,1668525431,Thi Trần,0123456789,Huế,130.0,Pending
16816628,11:34 16-04-2023,1668519323,Thuỷ Đặng,0123654987,Huế,470.0,Pending
16816629,11:35 16-04-2023,1668518686,Ngọc Võ,0325416987,Quảng Trị,800.0,Paid
16816637,11:49 16-04-2023,1668519323,Thuỷ Đặng,0123654987,Huế,1440.0,Paid
16816641,11:55 16-04-2023,1681664,Thi Trần,0123456789,Huế,325.0,Pending
16816646,12:04 17-04-2023,1671439551,Đặng Nhôm ,0123852963,Hà Nội,575.0,Pending
16816648,12:08 17-04-2023,1668525431,Thi Trần,0123456789,Huế,163.0,Paid
16816649,12:09 17-04-2023,1681664,Nguyễn Văn A,0123456789,Đà Lạt,393.0,Paid
16816654,12:18 17-04-2023,1668525431,Thi Trần,0123456789,Huế,120.0,Pending
16816657,12:21 17-04-2023,1671439551,Đặng Nhôm ,0123852963,Hà Nội,120.0,Paid
16816658,12:24 17-04-2023,1668525431,Thi Trần,0123456789,Huế,228.0,Paid
16816659,12:25 17-04-2023,1668525431,Thi Trần,0123456789,Huế,1920.0,NotPaid
